{
    "accuracy": 0.45,
    "precision": 0.46153846153846156,
    "recall": 0.6,
    "f1_score": 0.5217391304347826
}
